ts_utc,ts_nyt_epoch,open,high,low,close,volume
2025-10-01T09:30:00-04:00,1759325400,663.17,663.535,663.125,663.26,1002357.0
2025-10-01T09:31:00-04:00,1759325460,663.255,664.3,663.24,664.24,596936.0
2025-10-01T09:32:00-04:00,1759325520,664.25,664.4695,664.18,664.4599,481568.0
2025-10-01T09:33:00-04:00,1759325580,664.46,664.54,664.31,664.45,321442.0
2025-10-01T09:34:00-04:00,1759325640,664.46,664.79,664.46,664.51,359960.0
2025-10-01T09:35:00-04:00,1759325700,664.51,664.63,664.21,664.62,410576.0
2025-10-01T09:36:00-04:00,1759325760,664.64,664.67,664.43,664.475,260065.0
2025-10-01T09:37:00-04:00,1759325820,664.4801,664.77,664.48,664.7201,241809.0
2025-10-01T09:38:00-04:00,1759325880,664.73,664.98,664.71,664.78,393016.0
2025-10-01T09:39:00-04:00,1759325940,664.772,665.155,664.77,665.13,369333.0
2025-10-01T09:40:00-04:00,1759326000,665.14,665.39,665.03,665.19,591893.0
2025-10-01T09:41:00-04:00,1759326060,665.19,665.21,664.99,665.195,291059.0
2025-10-01T09:42:00-04:00,1759326120,665.19,665.24,665.01,665.115,258254.0
2025-10-01T09:43:00-04:00,1759326180,665.1112,665.12,664.77,665.08,327295.0
2025-10-01T09:44:00-04:00,1759326240,665.09,665.285,665.08,665.26,187567.0
2025-10-01T09:45:00-04:00,1759326300,665.25,665.3,664.77,664.85,241524.0
2025-10-01T09:46:00-04:00,1759326360,664.84,664.86,664.635,664.7,284882.0
2025-10-01T09:47:00-04:00,1759326420,664.7,664.7,664.35,664.39,276807.0
2025-10-01T09:48:00-04:00,1759326480,664.39,664.52,663.8,663.87,437041.0
2025-10-01T09:49:00-04:00,1759326540,663.86,663.88,663.26,663.28,558167.0
2025-10-01T09:50:00-04:00,1759326600,663.27,663.62,663.06,663.605,501056.0
2025-10-01T09:51:00-04:00,1759326660,663.6,663.78,663.47,663.62,323538.0
2025-10-01T09:52:00-04:00,1759326720,663.6,663.74,663.45,663.52,235373.0
2025-10-01T09:53:00-04:00,1759326780,663.53,663.84,663.35,663.8299,261140.0
2025-10-01T09:54:00-04:00,1759326840,663.83,663.95,663.67,663.88,245098.0
2025-10-01T09:55:00-04:00,1759326900,663.87,663.92,663.75,663.81,274944.0
2025-10-01T09:56:00-04:00,1759326960,663.81,664.38,663.78,664.375,341915.0
2025-10-01T09:57:00-04:00,1759327020,664.38,664.47,664.11,664.23,283800.0
2025-10-01T09:58:00-04:00,1759327080,664.22,664.22,663.81,663.84,267073.0
2025-10-01T09:59:00-04:00,1759327140,663.85,663.99,663.55,663.735,370689.0
2025-10-01T10:00:00-04:00,1759327200,663.74,664.225,663.41,664.04,343022.0
2025-10-01T10:01:00-04:00,1759327260,664.04,664.19,663.93,664.1207,147362.0
2025-10-01T10:02:00-04:00,1759327320,664.12,664.285,663.96,664.02,235951.0
2025-10-01T10:03:00-04:00,1759327380,664.03,664.46,664.01,664.26,211573.0
2025-10-01T10:04:00-04:00,1759327440,664.26,664.5699,664.25,664.52,172391.0
2025-10-01T10:05:00-04:00,1759327500,664.52,664.57,664.385,664.43,162891.0
2025-10-01T10:06:00-04:00,1759327560,664.43,664.5,664.3,664.49,161481.0
2025-10-01T10:07:00-04:00,1759327620,664.5,664.59,664.2449,664.27,173002.0
2025-10-01T10:08:00-04:00,1759327680,664.27,664.32,664.08,664.27,229298.0
2025-10-01T10:09:00-04:00,1759327740,664.28,664.4,664.16,664.34,205326.0
2025-10-01T10:10:00-04:00,1759327800,664.35,664.55,664.32,664.52,174244.0
2025-10-01T10:11:00-04:00,1759327860,664.52,664.655,664.45,664.54,162436.0
2025-10-01T10:12:00-04:00,1759327920,664.54,664.67,664.44,664.61,138022.0
2025-10-01T10:13:00-04:00,1759327980,664.6,664.73,664.48,664.65,123611.0
2025-10-01T10:14:00-04:00,1759328040,664.64,664.725,664.58,664.645,109148.0
2025-10-01T10:15:00-04:00,1759328100,664.655,664.77,664.63,664.65,160661.0
2025-10-01T10:16:00-04:00,1759328160,664.64,664.815,664.61,664.7901,169517.0
2025-10-01T10:17:00-04:00,1759328220,664.8,664.84,664.64,664.79,127570.0
2025-10-01T10:18:00-04:00,1759328280,664.79,664.945,664.76,664.945,148409.0
2025-10-01T10:19:00-04:00,1759328340,664.94,665.21,664.94,665.16,247592.0
2025-10-01T10:20:00-04:00,1759328400,665.16,665.31,665.12,665.1851,216224.0
2025-10-01T10:21:00-04:00,1759328460,665.185,665.59,665.185,665.47,355029.0
2025-10-01T10:22:00-04:00,1759328520,665.48,665.585,665.283,665.3799,225757.0
2025-10-01T10:23:00-04:00,1759328580,665.38,665.45,665.26,665.31,174575.0
2025-10-01T10:24:00-04:00,1759328640,665.32,665.3701,665.22,665.3,168790.0
2025-10-01T10:25:00-04:00,1759328700,665.3,665.55,665.3,665.55,154673.0
2025-10-01T10:26:00-04:00,1759328760,665.54,665.55,665.33,665.54,132249.0
2025-10-01T10:27:00-04:00,1759328820,665.54,665.6393,665.47,665.59,171818.0
2025-10-01T10:28:00-04:00,1759328880,665.59,665.69,665.54,665.69,170186.0
2025-10-01T10:29:00-04:00,1759328940,665.685,665.71,665.4399,665.53,208252.0
2025-10-01T10:30:00-04:00,1759329000,665.53,665.65,665.53,665.545,153521.0
2025-10-01T10:31:00-04:00,1759329060,665.54,665.595,665.395,665.44,213897.0
2025-10-01T10:32:00-04:00,1759329120,665.44,665.54,665.325,665.505,153936.0
2025-10-01T10:33:00-04:00,1759329180,665.51,665.54,665.355,665.41,169360.0
2025-10-01T10:34:00-04:00,1759329240,665.42,665.74,665.415,665.7299,181799.0
2025-10-01T10:35:00-04:00,1759329300,665.7299,665.9,665.7299,665.8701,198721.0
2025-10-01T10:36:00-04:00,1759329360,665.88,666.06,665.85,665.91,230796.0
2025-10-01T10:37:00-04:00,1759329420,665.9094,665.92,665.77,665.82,136165.0
2025-10-01T10:38:00-04:00,1759329480,665.8213,665.8451,665.705,665.8,121176.0
2025-10-01T10:39:00-04:00,1759329540,665.8,665.875,665.645,665.68,158096.0
2025-10-01T10:40:00-04:00,1759329600,665.68,665.71,665.29,665.45,232144.0
2025-10-01T10:41:00-04:00,1759329660,665.475,665.56,665.26,665.425,204514.0
2025-10-01T10:42:00-04:00,1759329720,665.46,665.54,665.2781,665.53,143153.0
2025-10-01T10:43:00-04:00,1759329780,665.53,665.595,665.43,665.46,177158.0
2025-10-01T10:44:00-04:00,1759329840,665.47,665.515,665.375,665.475,204045.0
2025-10-01T10:45:00-04:00,1759329900,665.475,665.51,665.31,665.35,169496.0
2025-10-01T10:46:00-04:00,1759329960,665.3599,665.58,665.29,665.56,298942.0
2025-10-01T10:47:00-04:00,1759330020,665.5582,665.66,665.39,665.49,213043.0
2025-10-01T10:48:00-04:00,1759330080,665.51,665.57,665.3999,665.53,101257.0
2025-10-01T10:49:00-04:00,1759330140,665.52,665.525,665.33,665.38,145854.0
2025-10-01T10:50:00-04:00,1759330200,665.37,665.57,665.36,665.45,84119.0
2025-10-01T10:51:00-04:00,1759330260,665.45,665.76,665.45,665.62,136558.0
2025-10-01T10:52:00-04:00,1759330320,665.62,665.655,665.455,665.47,98512.0
2025-10-01T10:53:00-04:00,1759330380,665.48,665.61,665.44,665.55,101727.0
2025-10-01T10:54:00-04:00,1759330440,665.54,665.735,665.54,665.67,97809.0
2025-10-01T10:55:00-04:00,1759330500,665.68,665.77,665.635,665.7549,130485.0
2025-10-01T10:56:00-04:00,1759330560,665.77,665.81,665.6375,665.73,112005.0
2025-10-01T10:57:00-04:00,1759330620,665.73,665.83,665.71,665.8,100607.0
2025-10-01T10:58:00-04:00,1759330680,665.8,665.825,665.655,665.82,102871.0
2025-10-01T10:59:00-04:00,1759330740,665.8096,665.84,665.69,665.805,125931.0
2025-10-01T11:00:00-04:00,1759330800,665.805,666.03,665.76,665.9849,129570.0
2025-10-01T11:01:00-04:00,1759330860,665.99,666.23,665.96,666.185,225158.0
2025-10-01T11:02:00-04:00,1759330920,666.185,666.27,666.149,666.24,136798.0
2025-10-01T11:03:00-04:00,1759330980,666.23,666.245,665.9201,666.01,258519.0
2025-10-01T11:04:00-04:00,1759331040,666.0201,666.05,665.92,665.94,84633.0
2025-10-01T11:05:00-04:00,1759331100,665.93,665.95,665.77,665.8,162338.0
2025-10-01T11:06:00-04:00,1759331160,665.81,666.11,665.75,666.105,159285.0
2025-10-01T11:07:00-04:00,1759331220,666.1,666.26,666.06,666.16,118950.0
2025-10-01T11:08:00-04:00,1759331280,666.17,666.22,666.0501,666.12,87865.0
2025-10-01T11:09:00-04:00,1759331340,666.14,666.155,666.04,666.1201,95004.0
2025-10-01T11:10:00-04:00,1759331400,666.12,666.17,665.9,665.9199,217906.0
2025-10-01T11:11:00-04:00,1759331460,665.91,666.055,665.87,665.97,124919.0
2025-10-01T11:12:00-04:00,1759331520,665.975,665.98,665.77,665.81,112650.0
2025-10-01T11:13:00-04:00,1759331580,665.8092,666.06,665.8,666.0433,103067.0
2025-10-01T11:14:00-04:00,1759331640,666.04,666.12,665.98,666.1,174697.0
2025-10-01T11:15:00-04:00,1759331700,666.115,666.15,665.99,665.99,108378.0
2025-10-01T11:16:00-04:00,1759331760,665.99,666.04,665.85,665.885,111073.0
2025-10-01T11:17:00-04:00,1759331820,665.89,665.965,665.865,665.9599,88893.0
2025-10-01T11:18:00-04:00,1759331880,665.96,666.06,665.87,665.89,163214.0
2025-10-01T11:19:00-04:00,1759331940,665.89,665.925,665.8,665.84,101881.0
2025-10-01T11:20:00-04:00,1759332000,665.84,665.94,665.7809,665.92,135046.0
2025-10-01T11:21:00-04:00,1759332060,665.92,666.045,665.88,666.02,108332.0
2025-10-01T11:22:00-04:00,1759332120,666.02,666.02,665.86,665.96,127974.0
2025-10-01T11:23:00-04:00,1759332180,665.97,666.2,665.94,666.12,168683.0
2025-10-01T11:24:00-04:00,1759332240,666.125,666.17,666.065,666.165,78490.0
2025-10-01T11:25:00-04:00,1759332300,666.16,666.225,666.04,666.225,93274.0
2025-10-01T11:26:00-04:00,1759332360,666.23,666.3,666.15,666.245,84038.0
2025-10-01T11:27:00-04:00,1759332420,666.22,666.25,666.175,666.23,101801.0
2025-10-01T11:28:00-04:00,1759332480,666.2179,666.43,666.2179,666.4051,169805.0
2025-10-01T11:29:00-04:00,1759332540,666.4,666.44,666.26,666.31,116786.0
2025-10-01T11:30:00-04:00,1759332600,666.31,666.49,666.31,666.485,161128.0
2025-10-01T11:31:00-04:00,1759332660,666.49,666.68,666.49,666.68,141050.0
2025-10-01T11:32:00-04:00,1759332720,666.68,666.72,666.6044,666.66,175786.0
2025-10-01T11:33:00-04:00,1759332780,666.65,666.66,666.49,666.58,158367.0
2025-10-01T11:34:00-04:00,1759332840,666.5813,666.67,666.54,666.58,115577.0
2025-10-01T11:35:00-04:00,1759332900,666.58,666.64,666.47,666.61,221758.0
2025-10-01T11:36:00-04:00,1759332960,666.605,666.8,666.59,666.79,155091.0
2025-10-01T11:37:00-04:00,1759333020,666.79,666.94,666.78,666.88,203982.0
2025-10-01T11:38:00-04:00,1759333080,666.9,666.98,666.8619,666.88,138661.0
2025-10-01T11:39:00-04:00,1759333140,666.89,666.91,666.7615,666.87,192920.0
2025-10-01T11:40:00-04:00,1759333200,666.87,666.95,666.78,666.8,136594.0
2025-10-01T11:41:00-04:00,1759333260,666.81,666.8883,666.75,666.82,151234.0
2025-10-01T11:42:00-04:00,1759333320,666.82,666.93,666.8,666.93,101914.0
2025-10-01T11:43:00-04:00,1759333380,666.935,667.01,666.9,666.94,116845.0
2025-10-01T11:44:00-04:00,1759333440,666.94,666.99,666.86,666.94,104541.0
2025-10-01T11:45:00-04:00,1759333500,666.95,667.17,666.92,667.08,193146.0
2025-10-01T11:46:00-04:00,1759333560,667.09,667.155,667.0499,667.12,94717.0
2025-10-01T11:47:00-04:00,1759333620,667.1215,667.125,667.0301,667.11,94030.0
2025-10-01T11:48:00-04:00,1759333680,667.11,667.18,667.01,667.0456,181162.0
2025-10-01T11:49:00-04:00,1759333740,667.05,667.09,666.89,667.02,133806.0
2025-10-01T11:50:00-04:00,1759333800,667.01,667.105,666.99,667.08,89623.0
2025-10-01T11:51:00-04:00,1759333860,667.09,667.12,667.03,667.105,177453.0
2025-10-01T11:52:00-04:00,1759333920,667.1,667.12,667.0616,667.0701,133444.0
2025-10-01T11:53:00-04:00,1759333980,667.071,667.085,666.9901,667.03,125668.0
2025-10-01T11:54:00-04:00,1759334040,667.04,667.06,666.98,667.03,137644.0
2025-10-01T11:55:00-04:00,1759334100,667.03,667.12,667.005,667.075,176982.0
2025-10-01T11:56:00-04:00,1759334160,667.08,667.115,667.04,667.08,88483.0
2025-10-01T11:57:00-04:00,1759334220,667.07,667.11,667.03,667.07,77786.0
2025-10-01T11:58:00-04:00,1759334280,667.08,667.11,666.9999,667.02,169883.0
2025-10-01T11:59:00-04:00,1759334340,667.01,667.065,666.97,666.975,78743.0
2025-10-01T12:00:00-04:00,1759334400,666.99,667.16,666.99,667.1,124520.0
2025-10-01T12:01:00-04:00,1759334460,667.11,667.1512,667.06,667.08,100437.0
2025-10-01T12:02:00-04:00,1759334520,667.07,667.115,667.02,667.11,92022.0
2025-10-01T12:03:00-04:00,1759334580,667.115,667.16,666.91,666.91,156149.0
2025-10-01T12:04:00-04:00,1759334640,666.91,666.97,666.81,666.8397,137744.0
2025-10-01T12:05:00-04:00,1759334700,666.84,667.05,666.82,667.05,123011.0
2025-10-01T12:06:00-04:00,1759334760,667.0499,667.07,666.99,667.0251,87231.0
2025-10-01T12:07:00-04:00,1759334820,667.03,667.07,666.975,666.99,107578.0
2025-10-01T12:08:00-04:00,1759334880,667.0,667.06,666.99,667.035,53920.0
2025-10-01T12:09:00-04:00,1759334940,667.04,667.06,666.975,667.0401,73894.0
2025-10-01T12:10:00-04:00,1759335000,667.045,667.075,666.98,667.06,105404.0
2025-10-01T12:11:00-04:00,1759335060,667.06,667.16,667.0514,667.09,105656.0
2025-10-01T12:12:00-04:00,1759335120,667.09,667.09,666.982,667.03,71533.0
2025-10-01T12:13:00-04:00,1759335180,667.035,667.07,666.985,667.07,95251.0
2025-10-01T12:14:00-04:00,1759335240,667.069,667.07,666.965,666.98,81646.0
2025-10-01T12:15:00-04:00,1759335300,666.99,667.03,666.97,666.99,113251.0
2025-10-01T12:16:00-04:00,1759335360,666.99,667.09,666.985,667.0701,92125.0
2025-10-01T12:17:00-04:00,1759335420,667.0749,667.13,667.0,667.06,120140.0
2025-10-01T12:18:00-04:00,1759335480,667.07,667.08,667.04,667.05,65608.0
2025-10-01T12:19:00-04:00,1759335540,667.05,667.05,666.79,666.8,132748.0
2025-10-01T12:20:00-04:00,1759335600,666.8,666.84,666.67,666.74,120959.0
2025-10-01T12:21:00-04:00,1759335660,666.74,666.805,666.685,666.71,83186.0
2025-10-01T12:22:00-04:00,1759335720,666.72,666.73,666.64,666.69,222005.0
2025-10-01T12:23:00-04:00,1759335780,666.7201,666.74,666.62,666.6601,70076.0
2025-10-01T12:24:00-04:00,1759335840,666.67,666.72,666.61,666.71,104395.0
2025-10-01T12:25:00-04:00,1759335900,666.72,666.96,666.685,666.95,119085.0
2025-10-01T12:26:00-04:00,1759335960,666.95,666.98,666.88,666.93,69414.0
2025-10-01T12:27:00-04:00,1759336020,666.93,666.935,666.85,666.9117,65296.0
2025-10-01T12:28:00-04:00,1759336080,666.915,666.92,666.84,666.9,59293.0
2025-10-01T12:29:00-04:00,1759336140,666.89,666.9399,666.89,666.9,76471.0
2025-10-01T12:30:00-04:00,1759336200,666.9,667.02,666.9,666.98,97185.0
2025-10-01T12:31:00-04:00,1759336260,666.97,667.0285,666.9381,666.9381,84952.0
2025-10-01T12:32:00-04:00,1759336320,666.935,666.945,666.86,666.87,54091.0
2025-10-01T12:33:00-04:00,1759336380,666.88,666.95,666.86,666.91,58837.0
2025-10-01T12:34:00-04:00,1759336440,666.915,667.03,666.915,667.02,72977.0
2025-10-01T12:35:00-04:00,1759336500,667.02,667.02,666.95,666.9699,81159.0
2025-10-01T12:36:00-04:00,1759336560,666.96,666.99,666.92,666.99,73153.0
2025-10-01T12:37:00-04:00,1759336620,666.99,667.01,666.91,666.9999,66655.0
2025-10-01T12:38:00-04:00,1759336680,667.0,667.035,666.95,666.96,86986.0
2025-10-01T12:39:00-04:00,1759336740,666.97,666.9781,666.82,666.87,104462.0
2025-10-01T12:40:00-04:00,1759336800,666.87,666.93,666.85,666.86,87625.0
2025-10-01T12:41:00-04:00,1759336860,666.865,666.9,666.7,666.74,129021.0
2025-10-01T12:42:00-04:00,1759336920,666.75,666.76,666.6101,666.6101,101636.0
2025-10-01T12:43:00-04:00,1759336980,666.62,666.79,666.62,666.77,82360.0
2025-10-01T12:44:00-04:00,1759337040,666.77,666.785,666.63,666.63,74271.0
2025-10-01T12:45:00-04:00,1759337100,666.6345,666.645,666.5401,666.56,65598.0
2025-10-01T12:46:00-04:00,1759337160,666.555,666.69,666.555,666.6478,142376.0
2025-10-01T12:47:00-04:00,1759337220,666.64,666.77,666.6181,666.77,106653.0
2025-10-01T12:48:00-04:00,1759337280,666.775,666.85,666.65,666.65,122236.0
2025-10-01T12:49:00-04:00,1759337340,666.65,666.7,666.61,666.7,63762.0
2025-10-01T12:50:00-04:00,1759337400,666.7,666.72,666.635,666.72,66490.0
2025-10-01T12:51:00-04:00,1759337460,666.7256,666.795,666.67,666.7,92047.0
2025-10-01T12:52:00-04:00,1759337520,666.6975,666.75,666.63,666.66,53043.0
2025-10-01T12:53:00-04:00,1759337580,666.67,666.71,666.64,666.64,59251.0
2025-10-01T12:54:00-04:00,1759337640,666.645,666.65,666.53,666.55,72832.0
2025-10-01T12:55:00-04:00,1759337700,666.56,666.565,666.43,666.52,125609.0
2025-10-01T12:56:00-04:00,1759337760,666.52,666.61,666.52,666.58,69536.0
2025-10-01T12:57:00-04:00,1759337820,666.58,666.72,666.55,666.67,89673.0
2025-10-01T12:58:00-04:00,1759337880,666.67,666.815,666.66,666.8,71463.0
2025-10-01T12:59:00-04:00,1759337940,666.805,666.955,666.8,666.91,164421.0
2025-10-01T13:00:00-04:00,1759338000,666.92,666.975,666.82,666.83,83009.0
2025-10-01T13:01:00-04:00,1759338060,666.83,667.025,666.82,667.01,93714.0
2025-10-01T13:02:00-04:00,1759338120,667.03,667.22,667.03,667.13,137217.0
2025-10-01T13:03:00-04:00,1759338180,667.14,667.185,667.045,667.17,63814.0
2025-10-01T13:04:00-04:00,1759338240,667.17,667.295,667.17,667.27,100793.0
2025-10-01T13:05:00-04:00,1759338300,667.2681,667.37,667.2681,667.34,114866.0
2025-10-01T13:06:00-04:00,1759338360,667.35,667.47,667.33,667.46,157148.0
2025-10-01T13:07:00-04:00,1759338420,667.48,667.5,667.4,667.49,171988.0
2025-10-01T13:08:00-04:00,1759338480,667.49,667.52,667.42,667.445,173251.0
2025-10-01T13:09:00-04:00,1759338540,667.44,667.44,667.2799,667.29,163232.0
2025-10-01T13:10:00-04:00,1759338600,667.295,667.32,667.1719,667.2415,165325.0
2025-10-01T13:11:00-04:00,1759338660,667.2456,667.465,667.19,667.46,113470.0
2025-10-01T13:12:00-04:00,1759338720,667.4699,667.485,667.38,667.385,115056.0
2025-10-01T13:13:00-04:00,1759338780,667.39,667.5,667.365,667.44,70215.0
2025-10-01T13:14:00-04:00,1759338840,667.445,667.45,667.32,667.37,94721.0
2025-10-01T13:15:00-04:00,1759338900,667.37,667.5193,667.36,667.49,85187.0
2025-10-01T13:16:00-04:00,1759338960,667.4917,667.74,667.4917,667.72,227571.0
2025-10-01T13:17:00-04:00,1759339020,667.73,667.875,667.72,667.84,216719.0
2025-10-01T13:18:00-04:00,1759339080,667.84,667.85,667.76,667.7649,121149.0
2025-10-01T13:19:00-04:00,1759339140,667.765,667.81,667.69,667.6951,125784.0
2025-10-01T13:20:00-04:00,1759339200,667.7,667.74,667.68,667.695,108810.0
2025-10-01T13:21:00-04:00,1759339260,667.69,667.785,667.69,667.7699,57285.0
2025-10-01T13:22:00-04:00,1759339320,667.77,667.78,667.625,667.73,79434.0
2025-10-01T13:23:00-04:00,1759339380,667.73,667.75,667.68,667.74,86877.0
2025-10-01T13:24:00-04:00,1759339440,667.75,667.83,667.7401,667.83,96349.0
2025-10-01T13:25:00-04:00,1759339500,667.83,667.89,667.785,667.885,156183.0
2025-10-01T13:26:00-04:00,1759339560,667.8825,668.01,667.85,667.93,119793.0
2025-10-01T13:27:00-04:00,1759339620,667.93,667.96,667.8207,667.94,79125.0
2025-10-01T13:28:00-04:00,1759339680,667.95,668.09,667.93,668.03,141944.0
2025-10-01T13:29:00-04:00,1759339740,668.04,668.06,667.92,667.97,116873.0
2025-10-01T13:30:00-04:00,1759339800,667.98,668.035,667.765,667.83,148545.0
2025-10-01T13:31:00-04:00,1759339860,667.83,667.86,667.7456,667.77,117550.0
2025-10-01T13:32:00-04:00,1759339920,667.7849,667.89,667.725,667.84,66817.0
2025-10-01T13:33:00-04:00,1759339980,667.835,667.95,667.83,667.94,150435.0
2025-10-01T13:34:00-04:00,1759340040,667.94,667.96,667.85,667.8986,54906.0
2025-10-01T13:35:00-04:00,1759340100,667.9,667.925,667.78,667.78,63233.0
2025-10-01T13:36:00-04:00,1759340160,667.78,667.9,667.78,667.82,73315.0
2025-10-01T13:37:00-04:00,1759340220,667.8218,667.89,667.82,667.865,54336.0
2025-10-01T13:38:00-04:00,1759340280,667.86,667.86,667.8,667.835,60651.0
2025-10-01T13:39:00-04:00,1759340340,667.85,667.925,667.8,667.83,92392.0
2025-10-01T13:40:00-04:00,1759340400,667.83,667.9,667.83,667.88,47067.0
2025-10-01T13:41:00-04:00,1759340460,667.88,667.92,667.8,667.83,67796.0
2025-10-01T13:42:00-04:00,1759340520,667.83,667.835,667.6107,667.6153,343258.0
2025-10-01T13:43:00-04:00,1759340580,667.63,667.78,667.61,667.77,75307.0
2025-10-01T13:44:00-04:00,1759340640,667.79,667.86,667.7701,667.81,62589.0
2025-10-01T13:45:00-04:00,1759340700,667.8,667.8,667.73,667.74,69128.0
2025-10-01T13:46:00-04:00,1759340760,667.75,667.86,667.695,667.705,90674.0
2025-10-01T13:47:00-04:00,1759340820,667.72,667.72,667.605,667.65,65257.0
2025-10-01T13:48:00-04:00,1759340880,667.65,667.755,667.65,667.7226,50274.0
2025-10-01T13:49:00-04:00,1759340940,667.74,667.87,667.74,667.81,45734.0
2025-10-01T13:50:00-04:00,1759341000,667.805,667.87,667.77,667.825,54889.0
2025-10-01T13:51:00-04:00,1759341060,667.825,667.9085,667.81,667.88,59801.0
2025-10-01T13:52:00-04:00,1759341120,667.88,667.89,667.7802,667.8,40846.0
2025-10-01T13:53:00-04:00,1759341180,667.81,667.92,667.79,667.86,177245.0
2025-10-01T13:54:00-04:00,1759341240,667.855,667.925,667.76,667.83,91323.0
2025-10-01T13:55:00-04:00,1759341300,667.8301,667.86,667.79,667.83,33983.0
2025-10-01T13:56:00-04:00,1759341360,667.83,667.97,667.83,667.96,61469.0
2025-10-01T13:57:00-04:00,1759341420,667.96,667.98,667.93,667.93,77602.0
2025-10-01T13:58:00-04:00,1759341480,667.93,667.97,667.9055,667.94,90539.0
2025-10-01T13:59:00-04:00,1759341540,667.93,667.975,667.86,667.955,107398.0
2025-10-01T14:00:00-04:00,1759341600,667.95,668.42,667.95,668.2901,391602.0
2025-10-01T14:01:00-04:00,1759341660,668.3,668.36,668.15,668.16,147814.0
2025-10-01T14:02:00-04:00,1759341720,668.16,668.1715,667.97,667.97,141896.0
2025-10-01T14:03:00-04:00,1759341780,667.98,668.1,667.89,668.1,97377.0
2025-10-01T14:04:00-04:00,1759341840,668.11,668.25,668.07,668.225,145134.0
2025-10-01T14:05:00-04:00,1759341900,668.23,668.36,668.22,668.35,167842.0
2025-10-01T14:06:00-04:00,1759341960,668.36,668.42,668.29,668.35,118231.0
2025-10-01T14:07:00-04:00,1759342020,668.35,668.35,668.285,668.32,82905.0
2025-10-01T14:08:00-04:00,1759342080,668.33,668.385,668.285,668.37,70125.0
2025-10-01T14:09:00-04:00,1759342140,668.38,668.5,668.3149,668.48,102768.0
2025-10-01T14:10:00-04:00,1759342200,668.48,668.48,668.33,668.389,79178.0
2025-10-01T14:11:00-04:00,1759342260,668.3989,668.43,668.355,668.3951,76487.0
2025-10-01T14:12:00-04:00,1759342320,668.38,668.47,668.34,668.47,69841.0
2025-10-01T14:13:00-04:00,1759342380,668.47,668.7,668.47,668.6,187179.0
2025-10-01T14:14:00-04:00,1759342440,668.61,668.66,668.59,668.6,113171.0
2025-10-01T14:15:00-04:00,1759342500,668.6,668.718,668.58,668.67,119429.0
2025-10-01T14:16:00-04:00,1759342560,668.66,668.79,668.66,668.74,122961.0
2025-10-01T14:17:00-04:00,1759342620,668.735,668.785,668.7,668.7601,117733.0
2025-10-01T14:18:00-04:00,1759342680,668.7612,668.78,668.715,668.735,106588.0
2025-10-01T14:19:00-04:00,1759342740,668.745,668.8,668.735,668.7912,193084.0
2025-10-01T14:20:00-04:00,1759342800,668.79,668.845,668.59,668.62,151387.0
2025-10-01T14:21:00-04:00,1759342860,668.62,668.71,668.52,668.68,187427.0
2025-10-01T14:22:00-04:00,1759342920,668.68,668.74,668.6401,668.67,83432.0
2025-10-01T14:23:00-04:00,1759342980,668.67,668.69,668.62,668.645,58022.0
2025-10-01T14:24:00-04:00,1759343040,668.645,668.74,668.63,668.74,68689.0
2025-10-01T14:25:00-04:00,1759343100,668.74,668.865,668.73,668.86,88248.0
2025-10-01T14:26:00-04:00,1759343160,668.85,668.935,668.845,668.86,90543.0
2025-10-01T14:27:00-04:00,1759343220,668.8601,668.89,668.75,668.795,152613.0
2025-10-01T14:28:00-04:00,1759343280,668.795,668.815,668.7,668.7677,77478.0
2025-10-01T14:29:00-04:00,1759343340,668.75,668.7893,668.7,668.77,65223.0
2025-10-01T14:30:00-04:00,1759343400,668.775,668.89,668.73,668.88,126867.0
2025-10-01T14:31:00-04:00,1759343460,668.88,668.885,668.753,668.81,111155.0
2025-10-01T14:32:00-04:00,1759343520,668.81,668.835,668.745,668.79,75094.0
2025-10-01T14:33:00-04:00,1759343580,668.7819,668.89,668.75,668.87,79746.0
2025-10-01T14:34:00-04:00,1759343640,668.875,668.94,668.84,668.93,101721.0
2025-10-01T14:35:00-04:00,1759343700,668.94,668.99,668.915,668.915,91877.0
2025-10-01T14:36:00-04:00,1759343760,668.92,668.93,668.88,668.89,77234.0
2025-10-01T14:37:00-04:00,1759343820,668.9,668.99,668.85,668.99,52840.0
2025-10-01T14:38:00-04:00,1759343880,668.99,669.04,668.985,669.0,82094.0
2025-10-01T14:39:00-04:00,1759343940,669.0,669.0892,669.0,669.015,70507.0
2025-10-01T14:40:00-04:00,1759344000,669.01,669.056032,668.96,669.03,65445.0
2025-10-01T14:41:00-04:00,1759344060,669.02,669.1,668.98,669.09,75344.0
2025-10-01T14:42:00-04:00,1759344120,669.09,669.24,669.0798,669.225,189144.0
2025-10-01T14:43:00-04:00,1759344180,669.225,669.225,669.07,669.0926,116677.0
2025-10-01T14:44:00-04:00,1759344240,669.095,669.19,669.095,669.15,120139.0
2025-10-01T14:45:00-04:00,1759344300,669.15,669.16,669.1,669.12,99755.0
2025-10-01T14:46:00-04:00,1759344360,669.13,669.21,669.11,669.2,72158.0
2025-10-01T14:47:00-04:00,1759344420,669.205,669.27,669.18,669.18,81667.0
2025-10-01T14:48:00-04:00,1759344480,669.18,669.21,669.14,669.19,86536.0
2025-10-01T14:49:00-04:00,1759344540,669.2,669.33,669.19,669.29,136049.0
2025-10-01T14:50:00-04:00,1759344600,669.28,669.33,669.225,669.23,78809.0
2025-10-01T14:51:00-04:00,1759344660,669.23,669.25,669.16,669.24,118992.0
2025-10-01T14:52:00-04:00,1759344720,669.2408,669.35,669.235,669.275,104622.0
2025-10-01T14:53:00-04:00,1759344780,669.27,669.275,669.23,669.24,71835.0
2025-10-01T14:54:00-04:00,1759344840,669.245,669.255,669.135,669.1501,133339.0
2025-10-01T14:55:00-04:00,1759344900,669.1491,669.15,669.025,669.04,132900.0
2025-10-01T14:56:00-04:00,1759344960,669.0381,669.2001,669.0113,669.16,116406.0
2025-10-01T14:57:00-04:00,1759345020,669.15,669.19,669.09,669.15,85727.0
2025-10-01T14:58:00-04:00,1759345080,669.14,669.17,669.06,669.063,87900.0
2025-10-01T14:59:00-04:00,1759345140,669.08,669.15,669.08,669.13,87999.0
2025-10-01T15:00:00-04:00,1759345200,669.13,669.24,669.1,669.18,122146.0
2025-10-01T15:01:00-04:00,1759345260,669.18,669.2399,669.18,669.23,48267.0
2025-10-01T15:02:00-04:00,1759345320,669.23,669.3,669.215,669.29,140921.0
2025-10-01T15:03:00-04:00,1759345380,669.29,669.315,669.19,669.2601,93000.0
2025-10-01T15:04:00-04:00,1759345440,669.2612,669.35,669.25,669.34,103351.0
2025-10-01T15:05:00-04:00,1759345500,669.34,669.37,669.29,669.3001,98430.0
2025-10-01T15:06:00-04:00,1759345560,669.31,669.37,669.27,669.34,115155.0
2025-10-01T15:07:00-04:00,1759345620,669.35,669.37,669.3101,669.345,54588.0
2025-10-01T15:08:00-04:00,1759345680,669.35,669.355,669.15,669.155,152020.0
2025-10-01T15:09:00-04:00,1759345740,669.16,669.23,669.13,669.16,106018.0
2025-10-01T15:10:00-04:00,1759345800,669.165,669.205,669.15,669.16,118829.0
2025-10-01T15:11:00-04:00,1759345860,669.155,669.16,668.965,668.985,154777.0
2025-10-01T15:12:00-04:00,1759345920,668.985,668.99,668.88,668.96,173023.0
2025-10-01T15:13:00-04:00,1759345980,668.97,669.1232,668.97,669.095,111555.0
2025-10-01T15:14:00-04:00,1759346040,669.09,669.11,669.06,669.1,94551.0
2025-10-01T15:15:00-04:00,1759346100,669.105,669.1499,669.0601,669.11,96755.0
2025-10-01T15:16:00-04:00,1759346160,669.12,669.155,669.055,669.085,91973.0
2025-10-01T15:17:00-04:00,1759346220,669.08,669.12,669.0414,669.08,120141.0
2025-10-01T15:18:00-04:00,1759346280,669.085,669.09,668.97,669.04,138031.0
2025-10-01T15:19:00-04:00,1759346340,669.04,669.08,668.855,668.8799,157047.0
2025-10-01T15:20:00-04:00,1759346400,668.88,668.96,668.875,668.9,104624.0
2025-10-01T15:21:00-04:00,1759346460,668.905,668.93,668.75,668.8,121965.0
2025-10-01T15:22:00-04:00,1759346520,668.805,668.8992,668.7685,668.89,129594.0
2025-10-01T15:23:00-04:00,1759346580,668.8851,668.91,668.8101,668.84,433238.0
2025-10-01T15:24:00-04:00,1759346640,668.83,668.8997,668.77,668.79,159001.0
2025-10-01T15:25:00-04:00,1759346700,668.79,668.89,668.73,668.86,139136.0
2025-10-01T15:26:00-04:00,1759346760,668.86,668.86,668.725,668.8,90811.0
2025-10-01T15:27:00-04:00,1759346820,668.79,668.855,668.76,668.85,116183.0
2025-10-01T15:28:00-04:00,1759346880,668.85,668.92,668.84,668.909,102868.0
2025-10-01T15:29:00-04:00,1759346940,668.9,669.15,668.9,669.125,215768.0
2025-10-01T15:30:00-04:00,1759347000,669.12,669.125,668.96,669.0,135060.0
2025-10-01T15:31:00-04:00,1759347060,669.0,669.09,668.97,669.09,127204.0
2025-10-01T15:32:00-04:00,1759347120,669.08,669.13,669.045,669.1,131998.0
2025-10-01T15:33:00-04:00,1759347180,669.1,669.15,669.07,669.13,135927.0
2025-10-01T15:34:00-04:00,1759347240,669.14,669.26,669.14,669.22,159253.0
2025-10-01T15:35:00-04:00,1759347300,669.23,669.23,669.09,669.16,133960.0
2025-10-01T15:36:00-04:00,1759347360,669.16,669.175,669.09,669.15,285861.0
2025-10-01T15:37:00-04:00,1759347420,669.16,669.17,668.99,669.06,339977.0
2025-10-01T15:38:00-04:00,1759347480,669.06,669.085,669.0,669.07,150796.0
2025-10-01T15:39:00-04:00,1759347540,669.07,669.09,669.01,669.03,146405.0
2025-10-01T15:40:00-04:00,1759347600,669.03,669.15,668.98,669.1287,245245.0
2025-10-01T15:41:00-04:00,1759347660,669.13,669.21,669.01,669.015,224036.0
2025-10-01T15:42:00-04:00,1759347720,669.01,669.09,669.0,669.01,146096.0
2025-10-01T15:43:00-04:00,1759347780,669.015,669.02,668.82,668.8683,249992.0
2025-10-01T15:44:00-04:00,1759347840,668.86,668.89,668.77,668.79,161707.0
2025-10-01T15:45:00-04:00,1759347900,668.79,668.8285,668.7,668.765,283603.0
2025-10-01T15:46:00-04:00,1759347960,668.76,668.9199,668.745,668.9,254316.0
2025-10-01T15:47:00-04:00,1759348020,668.9,669.055,668.88,668.99,265328.0
2025-10-01T15:48:00-04:00,1759348080,668.99,669.13,668.9,669.09,417240.0
2025-10-01T15:49:00-04:00,1759348140,669.09,669.1099,668.92,669.025,302135.0
2025-10-01T15:50:00-04:00,1759348200,669.04,669.18,668.88,668.9977,392681.0
2025-10-01T15:51:00-04:00,1759348260,669.0,669.055,668.85,668.9056,356876.0
2025-10-01T15:52:00-04:00,1759348320,668.91,668.975,668.775,668.96,295810.0
2025-10-01T15:53:00-04:00,1759348380,668.96,668.97,668.86,668.95,245442.0
2025-10-01T15:54:00-04:00,1759348440,668.95,668.96,668.7,668.71,414642.0
2025-10-01T15:55:00-04:00,1759348500,668.72,668.8854,668.6,668.715,618466.0
2025-10-01T15:56:00-04:00,1759348560,668.71,668.8425,668.63,668.752,469275.0
2025-10-01T15:57:00-04:00,1759348620,668.76,668.92,668.68,668.905,711143.0
2025-10-01T15:58:00-04:00,1759348680,668.9,668.97,668.8,668.87,902364.0
2025-10-01T15:59:00-04:00,1759348740,668.87,668.95,668.48,668.51,1626519.0
2025-10-01T16:00:00-04:00,1759348800,668.51,668.56,668.25,668.45,408981.0
2025-10-02T09:30:00-04:00,1759411800,670.45,670.5,669.84,669.93,709655.0
2025-10-02T09:31:00-04:00,1759411860,669.92,670.38,669.89,670.32,394815.0
2025-10-02T09:32:00-04:00,1759411920,670.33,670.4273,670.26,670.34,234208.0
2025-10-02T09:33:00-04:00,1759411980,670.34,670.435,670.29,670.42,300948.0
2025-10-02T09:34:00-04:00,1759412040,670.42,670.565,670.14,670.225,369607.0
2025-10-02T09:35:00-04:00,1759412100,670.22,670.36,670.14,670.36,399062.0
2025-10-02T09:36:00-04:00,1759412160,670.37,670.47,670.21,670.36,222132.0
2025-10-02T09:37:00-04:00,1759412220,670.36,670.41,670.13,670.16,165881.0
2025-10-02T09:38:00-04:00,1759412280,670.21,670.2399,669.84,669.8893,266131.0
2025-10-02T09:39:00-04:00,1759412340,669.88,670.04,669.75,669.815,248066.0
2025-10-02T09:40:00-04:00,1759412400,669.815,669.8225,669.39,669.4199,370800.0
2025-10-02T09:41:00-04:00,1759412460,669.41,669.54,669.21,669.34,241552.0
2025-10-02T09:42:00-04:00,1759412520,669.34,669.5,669.1,669.23,283080.0
2025-10-02T09:43:00-04:00,1759412580,669.23,669.28,668.885,669.13,246474.0
2025-10-02T09:44:00-04:00,1759412640,669.12,669.135,668.94,669.045,246047.0
2025-10-02T09:45:00-04:00,1759412700,669.04,669.48,668.89,669.42,459064.0
2025-10-02T09:46:00-04:00,1759412760,669.42,669.61,669.32,669.59,299123.0
2025-10-02T09:47:00-04:00,1759412820,669.59,669.62,669.4199,669.52,193871.0
2025-10-02T09:48:00-04:00,1759412880,669.52,669.56,669.345,669.49,202038.0
2025-10-02T09:49:00-04:00,1759412940,669.5,669.515,669.01,669.1,361608.0
2025-10-02T09:50:00-04:00,1759413000,669.1,669.18,668.845,669.04,359165.0
2025-10-02T09:51:00-04:00,1759413060,669.04,669.28,668.9,668.95,236757.0
2025-10-02T09:52:00-04:00,1759413120,668.94,669.195,668.75,669.12,296399.0
2025-10-02T09:53:00-04:00,1759413180,669.12,669.53,669.08,669.41,192798.0
2025-10-02T09:54:00-04:00,1759413240,669.42,669.6385,669.34,669.51,219498.0
2025-10-02T09:55:00-04:00,1759413300,669.5,669.54,669.08,669.17,248372.0
2025-10-02T09:56:00-04:00,1759413360,669.18,669.24,668.94,668.995,117071.0
2025-10-02T09:57:00-04:00,1759413420,668.98,669.02,668.83,668.98,131568.0
2025-10-02T09:58:00-04:00,1759413480,668.98,669.31,668.9,669.2999,129783.0
2025-10-02T09:59:00-04:00,1759413540,669.27,669.49,669.26,669.42,179203.0
2025-10-02T10:00:00-04:00,1759413600,669.41,669.41,668.97,669.22,216984.0
2025-10-02T10:01:00-04:00,1759413660,669.21,669.33,669.11,669.28,190947.0
2025-10-02T10:02:00-04:00,1759413720,669.28,669.31,669.02,669.03,135674.0
2025-10-02T10:03:00-04:00,1759413780,669.04,669.275,669.03,669.27,167752.0
2025-10-02T10:04:00-04:00,1759413840,669.28,669.41,669.22,669.375,145580.0
2025-10-02T10:05:00-04:00,1759413900,669.39,669.4799,669.31,669.45,96787.0
2025-10-02T10:06:00-04:00,1759413960,669.455,669.5299,669.0488,669.08,214855.0
2025-10-02T10:07:00-04:00,1759414020,669.09,669.2289,669.0001,669.15,105684.0
2025-10-02T10:08:00-04:00,1759414080,669.14,669.16,669.02,669.12,63036.0
2025-10-02T10:09:00-04:00,1759414140,669.11,669.21,668.93,668.94,93117.0
2025-10-02T10:10:00-04:00,1759414200,668.96,669.0,668.815,668.85,120516.0
2025-10-02T10:11:00-04:00,1759414260,668.855,668.96,668.46,668.57,265874.0
2025-10-02T10:12:00-04:00,1759414320,668.58,668.75,668.54,668.62,179453.0
2025-10-02T10:13:00-04:00,1759414380,668.62,668.75,668.54,668.65,96051.0
2025-10-02T10:14:00-04:00,1759414440,668.65,668.71,668.48,668.63,84160.0
2025-10-02T10:15:00-04:00,1759414500,668.61,668.76,668.59,668.68,91605.0
2025-10-02T10:16:00-04:00,1759414560,668.67,668.81,668.54,668.72,109593.0
2025-10-02T10:17:00-04:00,1759414620,668.74,668.75,668.64,668.64,107721.0
2025-10-02T10:18:00-04:00,1759414680,668.645,668.78,668.55,668.76,173738.0
2025-10-02T10:19:00-04:00,1759414740,668.77,668.87,668.48,668.51,381427.0
2025-10-02T10:20:00-04:00,1759414800,668.5,668.66,668.29,668.385,232077.0
2025-10-02T10:21:00-04:00,1759414860,668.38,668.52,668.295,668.415,102916.0
2025-10-02T10:22:00-04:00,1759414920,668.44,668.4979,668.3,668.44,224923.0
2025-10-02T10:23:00-04:00,1759414980,668.45,668.68,668.38,668.59,157192.0
2025-10-02T10:24:00-04:00,1759415040,668.59,668.685,668.5,668.56,117931.0
2025-10-02T10:25:00-04:00,1759415100,668.56,668.72,668.49,668.5,150313.0
2025-10-02T10:26:00-04:00,1759415160,668.505,668.7299,668.465,668.6399,119341.0
2025-10-02T10:27:00-04:00,1759415220,668.64,668.92,668.635,668.9199,145090.0
2025-10-02T10:28:00-04:00,1759415280,668.9187,668.99,668.71,668.77,186598.0
2025-10-02T10:29:00-04:00,1759415340,668.765,668.83,668.67,668.7113,134960.0
2025-10-02T10:30:00-04:00,1759415400,668.72,668.97,668.715,668.955,159828.0
2025-10-02T10:31:00-04:00,1759415460,668.96,669.02,668.525,668.58,154254.0
2025-10-02T10:32:00-04:00,1759415520,668.605,668.7579,668.6,668.63,89652.0
2025-10-02T10:33:00-04:00,1759415580,668.625,668.6399,668.27,668.2901,140369.0
2025-10-02T10:34:00-04:00,1759415640,668.29,668.44,668.255,668.42,117005.0
2025-10-02T10:35:00-04:00,1759415700,668.425,668.5881,668.39,668.485,234154.0
2025-10-02T10:36:00-04:00,1759415760,668.51,668.55,668.4,668.51,70270.0
2025-10-02T10:37:00-04:00,1759415820,668.5,668.69,668.4,668.67,81781.0
2025-10-02T10:38:00-04:00,1759415880,668.675,668.75,668.55,668.735,119126.0
2025-10-02T10:39:00-04:00,1759415940,668.75,668.9151,668.75,668.885,95147.0
2025-10-02T10:40:00-04:00,1759416000,668.875,668.88,668.57,668.695,98071.0
2025-10-02T10:41:00-04:00,1759416060,668.71,668.81,668.61,668.63,104346.0
2025-10-02T10:42:00-04:00,1759416120,668.63,668.69,668.45,668.58,121410.0
2025-10-02T10:43:00-04:00,1759416180,668.58,668.6,668.37,668.44,211430.0
2025-10-02T10:44:00-04:00,1759416240,668.43,668.43,668.2,668.335,113289.0
2025-10-02T10:45:00-04:00,1759416300,668.34,668.42,668.11,668.15,127644.0
2025-10-02T10:46:00-04:00,1759416360,668.14,668.14,667.71,667.72,341549.0
2025-10-02T10:47:00-04:00,1759416420,667.73,667.92,667.72,667.89,178599.0
2025-10-02T10:48:00-04:00,1759416480,667.89,668.15,667.88,668.1,105000.0
2025-10-02T10:49:00-04:00,1759416540,668.12,668.1456,667.99,668.075,90435.0
2025-10-02T10:50:00-04:00,1759416600,668.07,668.07,667.78,667.79,146965.0
2025-10-02T10:51:00-04:00,1759416660,667.8,667.91,667.76,667.85,102749.0
2025-10-02T10:52:00-04:00,1759416720,667.87,667.995,667.83,667.98,138850.0
2025-10-02T10:53:00-04:00,1759416780,667.97,668.005,667.8,667.85,71494.0
2025-10-02T10:54:00-04:00,1759416840,667.87,667.9,667.61,667.635,136028.0
2025-10-02T10:55:00-04:00,1759416900,667.63,667.765,667.58,667.67,136309.0
2025-10-02T10:56:00-04:00,1759416960,667.67,667.78,667.578,667.73,99977.0
2025-10-02T10:57:00-04:00,1759417020,667.75,667.89,667.56,667.84,234726.0
2025-10-02T10:58:00-04:00,1759417080,667.84,667.87,667.58,667.64,120810.0
2025-10-02T10:59:00-04:00,1759417140,667.66,667.685,667.54,667.565,122060.0
2025-10-02T11:00:00-04:00,1759417200,667.57,667.67,667.4,667.66,169359.0
2025-10-02T11:01:00-04:00,1759417260,667.66,667.71,667.515,667.54,124887.0
2025-10-02T11:02:00-04:00,1759417320,667.55,667.56,667.31,667.32,228024.0
2025-10-02T11:03:00-04:00,1759417380,667.315,667.4,667.27,667.29,148845.0
2025-10-02T11:04:00-04:00,1759417440,667.29,667.31,667.02,667.0599,199249.0
2025-10-02T11:05:00-04:00,1759417500,667.06,667.35,667.06,667.2175,166498.0
2025-10-02T11:06:00-04:00,1759417560,667.25,667.51,667.19,667.5,171081.0
2025-10-02T11:07:00-04:00,1759417620,667.49,667.855,667.49,667.85,213885.0
2025-10-02T11:08:00-04:00,1759417680,667.81,667.83,667.6,667.79,215103.0
2025-10-02T11:09:00-04:00,1759417740,667.79,667.89,667.6917,667.81,196968.0
2025-10-02T11:10:00-04:00,1759417800,667.77,668.12,667.73,668.08,140429.0
2025-10-02T11:11:00-04:00,1759417860,668.06,668.06,667.6699,667.82,176917.0
2025-10-02T11:12:00-04:00,1759417920,667.8,667.8,667.35,667.37,96348.0
2025-10-02T11:13:00-04:00,1759417980,667.38,667.54,667.27,667.48,115148.0
2025-10-02T11:14:00-04:00,1759418040,667.47,667.515,667.36,667.415,80164.0
2025-10-02T11:15:00-04:00,1759418100,667.41,667.46,667.29,667.33,92545.0
2025-10-02T11:16:00-04:00,1759418160,667.295,667.44,667.18,667.35,75360.0
2025-10-02T11:17:00-04:00,1759418220,667.36,667.39,667.25,667.35,85573.0
2025-10-02T11:18:00-04:00,1759418280,667.345,667.38,667.2001,667.345,55583.0
2025-10-02T11:19:00-04:00,1759418340,667.34,667.445,667.31,667.38,68887.0
2025-10-02T11:20:00-04:00,1759418400,667.37,667.44,667.23,667.305,73882.0
2025-10-02T11:21:00-04:00,1759418460,667.31,667.52,667.31,667.485,74931.0
2025-10-02T11:22:00-04:00,1759418520,667.485,667.63,667.35,667.63,77200.0
2025-10-02T11:23:00-04:00,1759418580,667.62,667.7,667.46,667.68,135772.0
2025-10-02T11:24:00-04:00,1759418640,667.68,667.86,667.64,667.77,105245.0
2025-10-02T11:25:00-04:00,1759418700,667.74,667.76,667.63,667.64,72088.0
2025-10-02T11:26:00-04:00,1759418760,667.63,667.72,667.57,667.68,56415.0
2025-10-02T11:27:00-04:00,1759418820,667.71,667.92,667.7,667.865,93802.0
2025-10-02T11:28:00-04:00,1759418880,667.859,667.925,667.765,667.8099,131138.0
2025-10-02T11:29:00-04:00,1759418940,667.8,667.85,667.66,667.67,86012.0
2025-10-02T11:30:00-04:00,1759419000,667.6488,667.7,667.42,667.61,178906.0
2025-10-02T11:31:00-04:00,1759419060,667.62,667.625,667.42,667.485,73582.0
2025-10-02T11:32:00-04:00,1759419120,667.49,667.49,667.3301,667.345,80582.0
2025-10-02T11:33:00-04:00,1759419180,667.34,667.43,667.275,667.38,56410.0
2025-10-02T11:34:00-04:00,1759419240,667.39,667.5,667.26,667.32,49464.0
2025-10-02T11:35:00-04:00,1759419300,667.32,667.42,667.22,667.33,79628.0
2025-10-02T11:36:00-04:00,1759419360,667.33,667.4,667.245,667.32,67116.0
2025-10-02T11:37:00-04:00,1759419420,667.31,667.33,666.78,666.83,274116.0
2025-10-02T11:38:00-04:00,1759419480,666.84,666.98,666.78,666.95,147613.0
2025-10-02T11:39:00-04:00,1759419540,666.94,667.31,666.925,667.2999,138236.0
2025-10-02T11:40:00-04:00,1759419600,667.31,667.465,667.295,667.445,118171.0
2025-10-02T11:41:00-04:00,1759419660,667.46,667.68,667.46,667.485,139780.0
2025-10-02T11:42:00-04:00,1759419720,667.47,667.6,667.27,667.48,97447.0
2025-10-02T11:43:00-04:00,1759419780,667.47,667.55,667.275,667.31,77298.0
2025-10-02T11:44:00-04:00,1759419840,667.31,667.42,667.305,667.35,62424.0
2025-10-02T11:45:00-04:00,1759419900,667.34,667.5,667.32,667.5,64976.0
2025-10-02T11:46:00-04:00,1759419960,667.5,667.54,667.34,667.515,55400.0
2025-10-02T11:47:00-04:00,1759420020,667.51,667.51,667.21,667.24,62801.0
2025-10-02T11:48:00-04:00,1759420080,667.23,667.27,667.18,667.27,45107.0
2025-10-02T11:49:00-04:00,1759420140,667.26,667.51,667.24,667.3801,66575.0
2025-10-02T11:50:00-04:00,1759420200,667.375,667.745,667.35,667.715,86900.0
2025-10-02T11:51:00-04:00,1759420260,667.745,667.75,667.56,667.56,61965.0
2025-10-02T11:52:00-04:00,1759420320,667.565,667.83,667.565,667.78,65606.0
2025-10-02T11:53:00-04:00,1759420380,667.77,667.98,667.77,667.9607,83025.0
2025-10-02T11:54:00-04:00,1759420440,667.96,668.08,667.88,668.075,99458.0
2025-10-02T11:55:00-04:00,1759420500,668.05,668.21,668.05,668.1285,114548.0
2025-10-02T11:56:00-04:00,1759420560,668.15,668.1879,668.07,668.12,62694.0
2025-10-02T11:57:00-04:00,1759420620,668.12,668.26,668.1,668.24,106389.0
2025-10-02T11:58:00-04:00,1759420680,668.24,668.36,668.18,668.35,85913.0
2025-10-02T11:59:00-04:00,1759420740,668.34,668.42,668.27,668.35,97607.0
2025-10-02T12:00:00-04:00,1759420800,668.35,668.35,668.05,668.135,194630.0
2025-10-02T12:01:00-04:00,1759420860,668.1385,668.185,668.03,668.05,100471.0
2025-10-02T12:02:00-04:00,1759420920,668.05,668.25,668.0481,668.15,66084.0
2025-10-02T12:03:00-04:00,1759420980,668.2,668.22,668.13,668.205,54090.0
2025-10-02T12:04:00-04:00,1759421040,668.195,668.26,668.06,668.1,49676.0
2025-10-02T12:05:00-04:00,1759421100,668.1,668.1,667.61,667.86,111988.0
2025-10-02T12:06:00-04:00,1759421160,667.88,668.055,667.86,667.9401,55479.0
2025-10-02T12:07:00-04:00,1759421220,667.93,668.05,667.925,668.01,37459.0
2025-10-02T12:08:00-04:00,1759421280,668.005,668.115,667.89,667.92,85613.0
2025-10-02T12:09:00-04:00,1759421340,667.93,667.935,667.845,667.935,46052.0
2025-10-02T12:10:00-04:00,1759421400,667.93,667.96,667.76,667.795,74774.0
2025-10-02T12:11:00-04:00,1759421460,667.77,668.03,667.72,667.9701,71276.0
2025-10-02T12:12:00-04:00,1759421520,667.965,668.0697,667.96,667.98,54167.0
2025-10-02T12:13:00-04:00,1759421580,667.98,668.075,667.95,667.97,57748.0
2025-10-02T12:14:00-04:00,1759421640,667.98,668.05,667.91,668.04,69955.0
2025-10-02T12:15:00-04:00,1759421700,668.02,668.14,667.985,668.0056,51074.0
2025-10-02T12:16:00-04:00,1759421760,668.005,668.17,667.97,668.13,46061.0
2025-10-02T12:17:00-04:00,1759421820,668.13,668.18,668.1,668.14,54339.0
2025-10-02T12:18:00-04:00,1759421880,668.13,668.2501,668.13,668.17,109424.0
2025-10-02T12:19:00-04:00,1759421940,668.19,668.2582,668.18,668.1893,41072.0
2025-10-02T12:20:00-04:00,1759422000,668.18,668.18,668.03,668.05,73997.0
2025-10-02T12:21:00-04:00,1759422060,668.05,668.08,667.85,667.9695,103182.0
2025-10-02T12:22:00-04:00,1759422120,667.97,668.02,667.85,667.99,43457.0
2025-10-02T12:23:00-04:00,1759422180,667.995,668.14,667.99,668.1,89089.0
2025-10-02T12:24:00-04:00,1759422240,668.1,668.1,667.95,667.9795,60687.0
2025-10-02T12:25:00-04:00,1759422300,667.979,668.07,667.85,667.8987,68806.0
2025-10-02T12:26:00-04:00,1759422360,667.905,668.22,667.905,668.21,62132.0
2025-10-02T12:27:00-04:00,1759422420,668.205,668.23,668.04,668.05,59735.0
2025-10-02T12:28:00-04:00,1759422480,668.06,668.15,668.03,668.08,88648.0
2025-10-02T12:29:00-04:00,1759422540,668.07,668.14,668.06,668.1389,40786.0
2025-10-02T12:30:00-04:00,1759422600,668.13,668.15,667.98,668.1,55703.0
2025-10-02T12:31:00-04:00,1759422660,668.11,668.1799,668.08,668.1099,47137.0
2025-10-02T12:32:00-04:00,1759422720,668.11,668.16,668.08,668.12,38877.0
2025-10-02T12:33:00-04:00,1759422780,668.13,668.17,667.98,668.01,50333.0
2025-10-02T12:34:00-04:00,1759422840,668.02,668.25,668.02,668.21,65030.0
2025-10-02T12:35:00-04:00,1759422900,668.215,668.3,668.18,668.2789,45387.0
2025-10-02T12:36:00-04:00,1759422960,668.27,668.2777,668.1,668.15,44196.0
2025-10-02T12:37:00-04:00,1759423020,668.16,668.16,667.93,667.97,107382.0
2025-10-02T12:38:00-04:00,1759423080,667.96,668.07,667.96,668.07,47745.0
2025-10-02T12:39:00-04:00,1759423140,668.05,668.105,668.03,668.055,60351.0
2025-10-02T12:40:00-04:00,1759423200,668.055,668.06,667.85,667.86,69407.0
2025-10-02T12:41:00-04:00,1759423260,667.8553,667.87,667.55,667.75,97946.0
2025-10-02T12:42:00-04:00,1759423320,667.7401,667.96,667.73,667.8601,53917.0
2025-10-02T12:43:00-04:00,1759423380,667.875,667.995,667.87,667.95,23437.0
2025-10-02T12:44:00-04:00,1759423440,667.965,668.02,667.9,667.93,41662.0
2025-10-02T12:45:00-04:00,1759423500,667.92,668.12,667.88,668.08,100957.0
2025-10-02T12:46:00-04:00,1759423560,668.095,668.18,668.07,668.13,81793.0
2025-10-02T12:47:00-04:00,1759423620,668.14,668.15,667.97,668.08,188806.0
2025-10-02T12:48:00-04:00,1759423680,668.08,668.14,668.0,668.05,46807.0
2025-10-02T12:49:00-04:00,1759423740,668.02,668.0993,667.98,668.06,46992.0
2025-10-02T12:50:00-04:00,1759423800,668.065,668.26,668.065,668.245,107243.0
2025-10-02T12:51:00-04:00,1759423860,668.215,668.3,668.215,668.29,37435.0
2025-10-02T12:52:00-04:00,1759423920,668.285,668.46,668.26,668.45,70341.0
2025-10-02T12:53:00-04:00,1759423980,668.44,668.5699,668.42,668.5507,88797.0
2025-10-02T12:54:00-04:00,1759424040,668.55,668.59,668.52,668.535,59482.0
2025-10-02T12:55:00-04:00,1759424100,668.54,668.54,668.375,668.375,67727.0
2025-10-02T12:56:00-04:00,1759424160,668.38,668.39,668.2901,668.305,101649.0
2025-10-02T12:57:00-04:00,1759424220,668.3,668.37,668.26,668.28,37129.0
2025-10-02T12:58:00-04:00,1759424280,668.29,668.39,668.28,668.37,47996.0
2025-10-02T12:59:00-04:00,1759424340,668.4,668.47,668.38,668.42,76826.0
2025-10-02T13:00:00-04:00,1759424400,668.415,668.42,668.29,668.29,64746.0
2025-10-02T13:01:00-04:00,1759424460,668.3,668.37,668.145,668.18,115462.0
2025-10-02T13:02:00-04:00,1759424520,668.18,668.22,668.0493,668.06,61299.0
2025-10-02T13:03:00-04:00,1759424580,668.06,668.09,667.94,668.07,68887.0
2025-10-02T13:04:00-04:00,1759424640,668.08,668.1,668.0201,668.06,43160.0
2025-10-02T13:05:00-04:00,1759424700,668.05,668.155,668.04,668.145,56899.0
2025-10-02T13:06:00-04:00,1759424760,668.15,668.315,668.15,668.31,92586.0
2025-10-02T13:07:00-04:00,1759424820,668.3,668.38,668.27,668.33,558434.0
2025-10-02T13:08:00-04:00,1759424880,668.335,668.345,668.255,668.31,60158.0
2025-10-02T13:09:00-04:00,1759424940,668.31,668.37,668.2188,668.22,50277.0
2025-10-02T13:10:00-04:00,1759425000,668.22,668.31,668.15,668.295,45870.0
2025-10-02T13:11:00-04:00,1759425060,668.31,668.31,668.19,668.265,35053.0
2025-10-02T13:12:00-04:00,1759425120,668.27,668.43,668.27,668.41,53258.0
2025-10-02T13:13:00-04:00,1759425180,668.42,668.47,668.33,668.39,74384.0
2025-10-02T13:14:00-04:00,1759425240,668.39,668.47,668.39,668.45,60718.0
2025-10-02T13:15:00-04:00,1759425300,668.45,668.49,668.39,668.4,56201.0
2025-10-02T13:16:00-04:00,1759425360,668.4,668.52,668.36,668.515,60538.0
2025-10-02T13:17:00-04:00,1759425420,668.519,668.53,668.44,668.49,77971.0
2025-10-02T13:18:00-04:00,1759425480,668.49,668.51,668.31,668.39,78147.0
2025-10-02T13:19:00-04:00,1759425540,668.38,668.39,668.26,668.31,68483.0
2025-10-02T13:20:00-04:00,1759425600,668.31,668.3399,668.24,668.28,87524.0
2025-10-02T13:21:00-04:00,1759425660,668.29,668.39,668.29,668.32,48586.0
2025-10-02T13:22:00-04:00,1759425720,668.31,668.51,668.31,668.5,52113.0
2025-10-02T13:23:00-04:00,1759425780,668.52,668.59,668.455,668.53,82715.0
2025-10-02T13:24:00-04:00,1759425840,668.52,668.61,668.505,668.5586,40267.0
2025-10-02T13:25:00-04:00,1759425900,668.56,668.62,668.49,668.53,87048.0
2025-10-02T13:26:00-04:00,1759425960,668.53,668.56,668.44,668.515,68111.0
2025-10-02T13:27:00-04:00,1759426020,668.51,668.62,668.48,668.62,43379.0
2025-10-02T13:28:00-04:00,1759426080,668.64,668.71,668.58,668.59,237670.0
2025-10-02T13:29:00-04:00,1759426140,668.595,668.595,668.49,668.5099,73084.0
2025-10-02T13:30:00-04:00,1759426200,668.51,668.53,668.3319,668.3607,110998.0
2025-10-02T13:31:00-04:00,1759426260,668.35,668.48,668.34,668.475,64977.0
2025-10-02T13:32:00-04:00,1759426320,668.495,668.54,668.49,668.53,90320.0
2025-10-02T13:33:00-04:00,1759426380,668.53,668.65,668.51,668.62,43154.0
2025-10-02T13:34:00-04:00,1759426440,668.63,668.655,668.5601,668.57,41722.0
2025-10-02T13:35:00-04:00,1759426500,668.57,668.67,668.57,668.612,44275.0
2025-10-02T13:36:00-04:00,1759426560,668.61,668.61,668.48,668.52,48250.0
2025-10-02T13:37:00-04:00,1759426620,668.52,668.61,668.44,668.55,50522.0
2025-10-02T13:38:00-04:00,1759426680,668.54,668.6,668.525,668.6,32686.0
2025-10-02T13:39:00-04:00,1759426740,668.59,668.675,668.575,668.66,60937.0
2025-10-02T13:40:00-04:00,1759426800,668.67,668.795,668.67,668.785,76574.0
2025-10-02T13:41:00-04:00,1759426860,668.79,668.89,668.79,668.8213,91288.0
2025-10-02T13:42:00-04:00,1759426920,668.83,669.08,668.83,669.0003,178048.0
2025-10-02T13:43:00-04:00,1759426980,669.0,669.045,668.94,668.94,136832.0
2025-10-02T13:44:00-04:00,1759427040,668.93,668.945,668.84,668.85,87467.0
2025-10-02T13:45:00-04:00,1759427100,668.86,668.93,668.75,668.77,145656.0
2025-10-02T13:46:00-04:00,1759427160,668.78,668.8,668.645,668.715,109949.0
2025-10-02T13:47:00-04:00,1759427220,668.71,668.83,668.67,668.8299,166952.0
2025-10-02T13:48:00-04:00,1759427280,668.82,668.95,668.82,668.95,98632.0
2025-10-02T13:49:00-04:00,1759427340,668.945,669.005,668.73,668.7544,127206.0
2025-10-02T13:50:00-04:00,1759427400,668.7523,668.83,668.73,668.81,87959.0
2025-10-02T13:51:00-04:00,1759427460,668.82,668.875,668.8,668.85,47693.0
2025-10-02T13:52:00-04:00,1759427520,668.8501,668.88,668.78,668.86,77001.0
2025-10-02T13:53:00-04:00,1759427580,668.86,668.94,668.84,668.92,96918.0
2025-10-02T13:54:00-04:00,1759427640,668.91,668.96,668.87,668.87,40191.0
2025-10-02T13:55:00-04:00,1759427700,668.875,668.88,668.74,668.8,78705.0
2025-10-02T13:56:00-04:00,1759427760,668.795,668.885,668.765,668.86,42538.0
2025-10-02T13:57:00-04:00,1759427820,668.86,668.8812,668.8,668.82,67694.0
2025-10-02T13:58:00-04:00,1759427880,668.83,668.9451,668.825,668.925,232169.0
2025-10-02T13:59:00-04:00,1759427940,668.92,668.9601,668.89314,668.895,71609.0
2025-10-02T14:00:00-04:00,1759428000,668.89,669.0,668.85,668.97,99892.0
2025-10-02T14:01:00-04:00,1759428060,668.98,669.04,668.925,668.93,77592.0
2025-10-02T14:02:00-04:00,1759428120,668.95,669.005,668.93,668.93,33794.0
2025-10-02T14:03:00-04:00,1759428180,668.93,669.01,668.9,668.9476,51874.0
2025-10-02T14:04:00-04:00,1759428240,668.94,669.015,668.9,669.0,43047.0
2025-10-02T14:05:00-04:00,1759428300,669.0,669.14,669.0,669.085,99317.0
2025-10-02T14:06:00-04:00,1759428360,669.09,669.14,669.05,669.105,65056.0
2025-10-02T14:07:00-04:00,1759428420,669.11,669.18,669.09,669.105,123075.0
2025-10-02T14:08:00-04:00,1759428480,669.105,669.13,668.995,669.1001,83080.0
2025-10-02T14:09:00-04:00,1759428540,669.1,669.16,669.06,669.14,56248.0
2025-10-02T14:10:00-04:00,1759428600,669.14,669.25,669.11,669.235,56297.0
2025-10-02T14:11:00-04:00,1759428660,669.24,669.325,669.2024,669.29,113487.0
2025-10-02T14:12:00-04:00,1759428720,669.3,669.51,669.27,669.46,222476.0
2025-10-02T14:13:00-04:00,1759428780,669.47,669.52,669.33,669.33,122294.0
2025-10-02T14:14:00-04:00,1759428840,669.33,669.44,669.31,669.42,117571.0
2025-10-02T14:15:00-04:00,1759428900,669.42,669.46,669.38,669.43,53874.0
2025-10-02T14:16:00-04:00,1759428960,669.42,669.48,669.38,669.415,49655.0
2025-10-02T14:17:00-04:00,1759429020,669.41,669.4599,669.33,669.445,118090.0
2025-10-02T14:18:00-04:00,1759429080,669.44,669.48,669.415,669.445,61415.0
2025-10-02T14:19:00-04:00,1759429140,669.45,669.52,669.43,669.485,55204.0
2025-10-02T14:20:00-04:00,1759429200,669.48,669.56,669.48,669.535,54122.0
2025-10-02T14:21:00-04:00,1759429260,669.53,669.63,669.53,669.56,161981.0
2025-10-02T14:22:00-04:00,1759429320,669.56,669.635,669.545,669.6,64165.0
2025-10-02T14:23:00-04:00,1759429380,669.605,669.635,669.52,669.535,85141.0
2025-10-02T14:24:00-04:00,1759429440,669.53,669.615,669.51,669.61,134044.0
2025-10-02T14:25:00-04:00,1759429500,669.6,669.65,669.57,669.63,54471.0
2025-10-02T14:26:00-04:00,1759429560,669.64,669.6451,669.555,669.645,74652.0
2025-10-02T14:27:00-04:00,1759429620,669.6483,669.67,669.475,669.485,95395.0
2025-10-02T14:28:00-04:00,1759429680,669.49,669.56,669.41,669.545,114917.0
2025-10-02T14:29:00-04:00,1759429740,669.5415,669.595,669.52,669.58,50980.0
2025-10-02T14:30:00-04:00,1759429800,669.58,669.59,669.45,669.47,100308.0
2025-10-02T14:31:00-04:00,1759429860,669.48,669.5705,669.48,669.52,59242.0
2025-10-02T14:32:00-04:00,1759429920,669.52,669.69,669.52,669.69,118783.0
2025-10-02T14:33:00-04:00,1759429980,669.68,669.725,669.64,669.695,68543.0
2025-10-02T14:34:00-04:00,1759430040,669.71,669.73,669.59,669.595,110116.0
2025-10-02T14:35:00-04:00,1759430100,669.59,669.61,669.53,669.54,82777.0
2025-10-02T14:36:00-04:00,1759430160,669.54,669.5799,669.48,669.53,89469.0
2025-10-02T14:37:00-04:00,1759430220,669.54,669.64,669.525,669.62,48365.0
2025-10-02T14:38:00-04:00,1759430280,669.63,669.63,669.47,669.53,50490.0
2025-10-02T14:39:00-04:00,1759430340,669.535,669.66,669.53,669.66,39511.0
2025-10-02T14:40:00-04:00,1759430400,669.6574,669.66,669.5481,669.585,62580.0
2025-10-02T14:41:00-04:00,1759430460,669.575,669.62,669.57,669.615,40616.0
2025-10-02T14:42:00-04:00,1759430520,669.61,669.62,669.545,669.545,50721.0
2025-10-02T14:43:00-04:00,1759430580,669.55,669.565,669.38,669.46,140138.0
2025-10-02T14:44:00-04:00,1759430640,669.46,669.55,669.43,669.515,78490.0
2025-10-02T14:45:00-04:00,1759430700,669.52,669.56,669.47,669.505,47439.0
2025-10-02T14:46:00-04:00,1759430760,669.51,669.56,669.45,669.48,43236.0
2025-10-02T14:47:00-04:00,1759430820,669.4801,669.49,669.31,669.4,98453.0
2025-10-02T14:48:00-04:00,1759430880,669.395,669.44,669.35,669.41,72449.0
2025-10-02T14:49:00-04:00,1759430940,669.42,669.47,669.4,669.43,37867.0
2025-10-02T14:50:00-04:00,1759431000,669.41,669.4801,669.37,669.47,82611.0
2025-10-02T14:51:00-04:00,1759431060,669.46,669.46,669.2202,669.26,73559.0
2025-10-02T14:52:00-04:00,1759431120,669.26,669.3612,669.26,669.35,58069.0
2025-10-02T14:53:00-04:00,1759431180,669.345,669.465,669.3338,669.46,66124.0
2025-10-02T14:54:00-04:00,1759431240,669.475,669.54,669.465,669.5,151331.0
2025-10-02T14:55:00-04:00,1759431300,669.51,669.53,669.42,669.42,100897.0
2025-10-02T14:56:00-04:00,1759431360,669.43,669.4793,669.38,669.47,91915.0
2025-10-02T14:57:00-04:00,1759431420,669.475,669.59,669.4707,669.51,124475.0
2025-10-02T14:58:00-04:00,1759431480,669.515,669.515,669.36,669.42,58889.0
2025-10-02T14:59:00-04:00,1759431540,669.42,669.44,669.39,669.39,50803.0
2025-10-02T15:00:00-04:00,1759431600,669.38,669.46,669.36,669.405,69600.0
2025-10-02T15:01:00-04:00,1759431660,669.405,669.51,669.37,669.5,73351.0
2025-10-02T15:02:00-04:00,1759431720,669.51,669.545,669.45,669.5,59764.0
2025-10-02T15:03:00-04:00,1759431780,669.5,669.5462,669.48,669.5099,39313.0
2025-10-02T15:04:00-04:00,1759431840,669.52,669.58,669.5,669.56,72609.0
2025-10-02T15:05:00-04:00,1759431900,669.56,669.63,669.54,669.545,69095.0
2025-10-02T15:06:00-04:00,1759431960,669.55,669.625,669.55,669.59,112261.0
2025-10-02T15:07:00-04:00,1759432020,669.58,669.58,669.41,669.44,70511.0
2025-10-02T15:08:00-04:00,1759432080,669.43,669.52,669.415,669.48,78487.0
2025-10-02T15:09:00-04:00,1759432140,669.48,669.55,669.48,669.51,67348.0
2025-10-02T15:10:00-04:00,1759432200,669.51,669.51,669.43,669.441,60675.0
2025-10-02T15:11:00-04:00,1759432260,669.43,669.54,669.415,669.52,57749.0
2025-10-02T15:12:00-04:00,1759432320,669.51,669.545,669.44,669.465,42579.0
2025-10-02T15:13:00-04:00,1759432380,669.47,669.515,669.38,669.43,66992.0
2025-10-02T15:14:00-04:00,1759432440,669.43,669.4712,669.38,669.4432,48634.0
2025-10-02T15:15:00-04:00,1759432500,669.44,669.45,669.26,669.27,146924.0
2025-10-02T15:16:00-04:00,1759432560,669.27,669.4,669.24,669.345,288163.0
2025-10-02T15:17:00-04:00,1759432620,669.345,669.35,669.22,669.25,97232.0
2025-10-02T15:18:00-04:00,1759432680,669.25,669.365,669.25,669.3,76268.0
2025-10-02T15:19:00-04:00,1759432740,669.295,669.42,669.27,669.39,57725.0
2025-10-02T15:20:00-04:00,1759432800,669.4,669.42,669.34,669.36,66760.0
2025-10-02T15:21:00-04:00,1759432860,669.36,669.47,669.345,669.415,108452.0
2025-10-02T15:22:00-04:00,1759432920,669.42,669.46,669.3428,669.39,70156.0
2025-10-02T15:23:00-04:00,1759432980,669.4,669.48,669.4,669.445,171027.0
2025-10-02T15:24:00-04:00,1759433040,669.4445,669.49,669.415,669.49,193575.0
2025-10-02T15:25:00-04:00,1759433100,669.495,669.535,669.44,669.515,224341.0
2025-10-02T15:26:00-04:00,1759433160,669.51,669.61,669.51,669.575,66039.0
2025-10-02T15:27:00-04:00,1759433220,669.5615,669.6,669.5015,669.555,194913.0
2025-10-02T15:28:00-04:00,1759433280,669.54,669.57,669.51,669.5545,210801.0
2025-10-02T15:29:00-04:00,1759433340,669.555,669.56,669.475,669.475,63177.0
2025-10-02T15:30:00-04:00,1759433400,669.48,669.48,669.3056,669.34,163530.0
2025-10-02T15:31:00-04:00,1759433460,669.34,669.35,669.285,669.34,213886.0
2025-10-02T15:32:00-04:00,1759433520,669.33,669.49,669.3,669.46,143673.0
2025-10-02T15:33:00-04:00,1759433580,669.47,669.49,669.43,669.43,66976.0
2025-10-02T15:34:00-04:00,1759433640,669.43,669.43,669.32,669.35,60811.0
2025-10-02T15:35:00-04:00,1759433700,669.34,669.365,669.28,669.31,80473.0
2025-10-02T15:36:00-04:00,1759433760,669.3,669.3,669.1,669.1,257153.0
2025-10-02T15:37:00-04:00,1759433820,669.09,669.095,668.9931,669.0,196169.0
2025-10-02T15:38:00-04:00,1759433880,668.995,669.205,668.99,669.145,158536.0
2025-10-02T15:39:00-04:00,1759433940,669.14,669.24,669.135,669.22,120108.0
2025-10-02T15:40:00-04:00,1759434000,669.22,669.25,668.97,669.05,186837.0
2025-10-02T15:41:00-04:00,1759434060,669.065,669.13,668.955,668.98,106832.0
2025-10-02T15:42:00-04:00,1759434120,668.97,669.06,668.97,669.055,94946.0
2025-10-02T15:43:00-04:00,1759434180,669.057,669.1827,669.03,669.17,235044.0
2025-10-02T15:44:00-04:00,1759434240,669.16,669.24,669.11,669.2,236356.0
2025-10-02T15:45:00-04:00,1759434300,669.21,669.26,669.16,669.23,137325.0
2025-10-02T15:46:00-04:00,1759434360,669.22,669.26,669.155,669.23,114891.0
2025-10-02T15:47:00-04:00,1759434420,669.215,669.22,669.085,669.15,130821.0
2025-10-02T15:48:00-04:00,1759434480,669.16,669.265,669.12,669.265,104935.0
2025-10-02T15:49:00-04:00,1759434540,669.26,669.34,669.205,669.34,268107.0
2025-10-02T15:50:00-04:00,1759434600,669.34,669.42,668.94,669.059,480051.0
2025-10-02T15:51:00-04:00,1759434660,669.055,669.24,669.055,669.18,220068.0
2025-10-02T15:52:00-04:00,1759434720,669.18,669.18,669.025,669.085,326206.0
2025-10-02T15:53:00-04:00,1759434780,669.09,669.17,669.06,669.06,132586.0
2025-10-02T15:54:00-04:00,1759434840,669.065,669.1,668.945,669.0,247256.0
2025-10-02T15:55:00-04:00,1759434900,669.01,669.01,668.82,668.87,518778.0
2025-10-02T15:56:00-04:00,1759434960,668.87,669.01,668.825,669.0,349473.0
2025-10-02T15:57:00-04:00,1759435020,669.0,669.12,668.98,669.05,654085.0
2025-10-02T15:58:00-04:00,1759435080,669.05,669.11,669.03,669.055,794076.0
2025-10-02T15:59:00-04:00,1759435140,669.055,669.32,669.05,669.17,3236181.0
2025-10-02T16:00:00-04:00,1759435200,669.15,669.37,669.15,669.37,253706.0
2025-10-03T09:30:00-04:00,1759498200,669.99,670.32,669.93,670.21,478995.0
2025-10-03T09:31:00-04:00,1759498260,670.23,670.65,670.1,670.645,266140.0
2025-10-03T09:32:00-04:00,1759498320,670.65,670.78,670.495,670.5,238609.0
2025-10-03T09:33:00-04:00,1759498380,670.5,670.65,670.32,670.63,251734.0
2025-10-03T09:34:00-04:00,1759498440,670.64,670.75,670.6,670.6507,183030.0
2025-10-03T09:35:00-04:00,1759498500,670.67,670.75,670.44,670.58,253385.0
2025-10-03T09:36:00-04:00,1759498560,670.59,670.73,670.555,670.7,187264.0
2025-10-03T09:37:00-04:00,1759498620,670.7,670.9,670.68,670.84,174782.0
2025-10-03T09:38:00-04:00,1759498680,670.855,671.06,670.825,671.06,214792.0
2025-10-03T09:39:00-04:00,1759498740,671.07,671.22,670.98,671.18,273249.0
2025-10-03T09:40:00-04:00,1759498800,671.19,671.33,671.11,671.1368,231853.0
2025-10-03T09:41:00-04:00,1759498860,671.16,671.19,670.45,670.6,398413.0
2025-10-03T09:42:00-04:00,1759498920,670.6,670.7,670.43,670.62,145734.0
2025-10-03T09:43:00-04:00,1759498980,670.63,670.8397,670.62,670.77,250333.0
2025-10-03T09:44:00-04:00,1759499040,670.77,670.88,670.71,670.84,113406.0
2025-10-03T09:45:00-04:00,1759499100,670.78,670.9576,670.71,670.93,214946.0
2025-10-03T09:46:00-04:00,1759499160,670.94,671.02,670.9,671.015,188100.0
2025-10-03T09:47:00-04:00,1759499220,671.015,671.17,670.91,671.11,157693.0
2025-10-03T09:48:00-04:00,1759499280,671.105,671.1519,670.94,671.097,156057.0
2025-10-03T09:49:00-04:00,1759499340,671.08,671.125,671.025,671.07,127009.0
2025-10-03T09:50:00-04:00,1759499400,671.08,671.19,670.92,671.05,159214.0
2025-10-03T09:51:00-04:00,1759499460,671.05,671.33,671.05,671.32,173320.0
2025-10-03T09:52:00-04:00,1759499520,671.32,671.48,671.225,671.47,211467.0
2025-10-03T09:53:00-04:00,1759499580,671.4851,671.57,671.39,671.48,248632.0
2025-10-03T09:54:00-04:00,1759499640,671.49,671.51,671.22,671.25,246506.0
2025-10-03T09:55:00-04:00,1759499700,671.25,671.3399,670.96,671.05,249704.0
2025-10-03T09:56:00-04:00,1759499760,671.03,671.14,670.7799,670.79,122558.0
2025-10-03T09:57:00-04:00,1759499820,670.82,670.92,670.7996,670.92,97062.0
2025-10-03T09:58:00-04:00,1759499880,670.92,670.92,670.6693,670.72,105191.0
2025-10-03T09:59:00-04:00,1759499940,670.72,670.8899,670.69,670.8899,71574.0
2025-10-03T10:00:00-04:00,1759500000,670.81,670.84,670.14,670.5,372726.0
2025-10-03T10:01:00-04:00,1759500060,670.49,670.5,670.09,670.31,261897.0
2025-10-03T10:02:00-04:00,1759500120,670.32,670.43,670.0899,670.175,218247.0
2025-10-03T10:03:00-04:00,1759500180,670.19,670.25,669.97,670.15,375073.0
2025-10-03T10:04:00-04:00,1759500240,670.145,670.44,670.13,670.3001,200411.0
2025-10-03T10:05:00-04:00,1759500300,670.29,670.33,670.125,670.27,120731.0
2025-10-03T10:06:00-04:00,1759500360,670.31,670.38,670.2,670.35,106452.0
2025-10-03T10:07:00-04:00,1759500420,670.36,670.64,670.36,670.63,195026.0
2025-10-03T10:08:00-04:00,1759500480,670.62,670.63,670.34,670.375,224509.0
2025-10-03T10:09:00-04:00,1759500540,670.36,670.48,670.15,670.48,225816.0
2025-10-03T10:10:00-04:00,1759500600,670.49,670.69,670.41,670.69,162634.0
2025-10-03T10:11:00-04:00,1759500660,670.7,670.71,670.4,670.57,171534.0
2025-10-03T10:12:00-04:00,1759500720,670.56,670.73,670.5121,670.71,98494.0
2025-10-03T10:13:00-04:00,1759500780,670.71,670.88,670.662,670.73,171203.0
2025-10-03T10:14:00-04:00,1759500840,670.72,670.725,670.51,670.62,133279.0
2025-10-03T10:15:00-04:00,1759500900,670.62,670.83,670.605,670.72,108822.0
2025-10-03T10:16:00-04:00,1759500960,670.72,671.04,670.72,671.0,206561.0
2025-10-03T10:17:00-04:00,1759501020,671.0,671.025,670.81,670.95,99977.0
2025-10-03T10:18:00-04:00,1759501080,670.94,670.96,670.79,670.85,116603.0
2025-10-03T10:19:00-04:00,1759501140,670.86,670.94,670.79,670.87,105990.0
2025-10-03T10:20:00-04:00,1759501200,670.87,671.0,670.79,670.895,137752.0
2025-10-03T10:21:00-04:00,1759501260,670.89,670.98,670.8,670.87,114859.0
2025-10-03T10:22:00-04:00,1759501320,670.87,670.915,670.71,670.88,96889.0
2025-10-03T10:23:00-04:00,1759501380,670.87,670.9597,670.7003,670.7201,104764.0
2025-10-03T10:24:00-04:00,1759501440,670.72,671.06,670.6809,671.03,98878.0
2025-10-03T10:25:00-04:00,1759501500,671.03,671.2149,670.95,671.21,187230.0
2025-10-03T10:26:00-04:00,1759501560,671.21,671.55,671.17,671.37,188180.0
2025-10-03T10:27:00-04:00,1759501620,671.37,671.4,671.16,671.2,117908.0
2025-10-03T10:28:00-04:00,1759501680,671.22,671.34,671.13,671.29,102312.0
2025-10-03T10:29:00-04:00,1759501740,671.29,671.395,671.27,671.395,141885.0
2025-10-03T10:30:00-04:00,1759501800,671.39,671.5201,671.36,671.42,290862.0
2025-10-03T10:31:00-04:00,1759501860,671.42,671.645,671.41,671.575,144532.0
2025-10-03T10:32:00-04:00,1759501920,671.58,671.622,671.355,671.3601,133687.0
2025-10-03T10:33:00-04:00,1759501980,671.36,671.54,671.32,671.49,151015.0
2025-10-03T10:34:00-04:00,1759502040,671.49,671.65,671.47,671.645,99153.0
2025-10-03T10:35:00-04:00,1759502100,671.6356,671.76,671.55,671.72,197642.0
2025-10-03T10:36:00-04:00,1759502160,671.72,671.82,671.72,671.7889,144973.0
2025-10-03T10:37:00-04:00,1759502220,671.79,672.0087,671.79,671.95,116988.0
2025-10-03T10:38:00-04:00,1759502280,671.96,672.0451,671.8727,672.02,93535.0
2025-10-03T10:39:00-04:00,1759502340,672.03,672.0514,671.9101,671.982,107936.0
2025-10-03T10:40:00-04:00,1759502400,671.99,672.28,671.98,672.12,291482.0
2025-10-03T10:41:00-04:00,1759502460,672.13,672.26,672.13,672.22,122423.0
2025-10-03T10:42:00-04:00,1759502520,672.22,672.23,672.03,672.105,107181.0
2025-10-03T10:43:00-04:00,1759502580,672.1001,672.155,671.94,671.97,185708.0
2025-10-03T10:44:00-04:00,1759502640,671.97,672.0951,671.94,672.09,184985.0
2025-10-03T10:45:00-04:00,1759502700,672.1,672.24,672.1,672.16,101070.0
2025-10-03T10:46:00-04:00,1759502760,672.18,672.22,672.055,672.15,109086.0
2025-10-03T10:47:00-04:00,1759502820,672.16,672.218,672.1,672.18,112445.0
2025-10-03T10:48:00-04:00,1759502880,672.17,672.23,672.02,672.12,90497.0
2025-10-03T10:49:00-04:00,1759502940,672.1,672.1,671.86,671.955,160861.0
2025-10-03T10:50:00-04:00,1759503000,671.945,672.025,671.88,671.9478,160047.0
2025-10-03T10:51:00-04:00,1759503060,671.93,672.06,671.8599,672.0,79837.0
2025-10-03T10:52:00-04:00,1759503120,672.01,672.135,671.93,672.1,118176.0
2025-10-03T10:53:00-04:00,1759503180,672.095,672.185,672.01,672.11,75348.0
2025-10-03T10:54:00-04:00,1759503240,672.11,672.265,672.11,672.26,83226.0
2025-10-03T10:55:00-04:00,1759503300,672.28,672.28,672.135,672.215,118546.0
2025-10-03T10:56:00-04:00,1759503360,672.22,672.2426,672.02,672.16,114123.0
2025-10-03T10:57:00-04:00,1759503420,672.16,672.26,672.13,672.16,115685.0
2025-10-03T10:58:00-04:00,1759503480,672.17,672.27,672.14,672.16,83498.0
2025-10-03T10:59:00-04:00,1759503540,672.17,672.2201,672.09,672.11,83101.0
2025-10-03T11:00:00-04:00,1759503600,672.115,672.14,671.91,672.05,145644.0
2025-10-03T11:01:00-04:00,1759503660,672.05,672.0889,671.865,671.92,199140.0
2025-10-03T11:02:00-04:00,1759503720,671.93,672.0351,671.7907,671.7907,93786.0
2025-10-03T11:03:00-04:00,1759503780,671.8,671.84,671.665,671.739,127856.0
2025-10-03T11:04:00-04:00,1759503840,671.73,671.82,671.71,671.8,59298.0
2025-10-03T11:05:00-04:00,1759503900,671.79,671.93,671.72,671.915,130959.0
2025-10-03T11:06:00-04:00,1759503960,671.92,671.945,671.805,671.85,86938.0
2025-10-03T11:07:00-04:00,1759504020,671.84,671.97,671.84,671.93,70515.0
2025-10-03T11:08:00-04:00,1759504080,671.94,671.94,671.73,671.7317,75739.0
2025-10-03T11:09:00-04:00,1759504140,671.72,671.758,671.65,671.74,76987.0
2025-10-03T11:10:00-04:00,1759504200,671.74,671.76,671.55,671.62,125394.0
2025-10-03T11:11:00-04:00,1759504260,671.62,671.76,671.62,671.71,70101.0
2025-10-03T11:12:00-04:00,1759504320,671.71,671.79,671.65,671.7705,79319.0
2025-10-03T11:13:00-04:00,1759504380,671.78,671.82,671.73,671.76,125434.0
2025-10-03T11:14:00-04:00,1759504440,671.755,671.83,671.73,671.78,110989.0
2025-10-03T11:15:00-04:00,1759504500,671.775,671.79,671.72,671.735,71589.0
2025-10-03T11:16:00-04:00,1759504560,671.73,671.76,671.64,671.67,78592.0
2025-10-03T11:17:00-04:00,1759504620,671.67,671.74,671.64,671.68,50705.0
2025-10-03T11:18:00-04:00,1759504680,671.69,671.7,671.56,671.57,68882.0
2025-10-03T11:19:00-04:00,1759504740,671.58,671.7084,671.575,671.675,68257.0
2025-10-03T11:20:00-04:00,1759504800,671.675,671.68,671.57,671.59,61357.0
2025-10-03T11:21:00-04:00,1759504860,671.585,671.79,671.57,671.775,78635.0
2025-10-03T11:22:00-04:00,1759504920,671.76,671.89,671.76,671.81,166324.0
2025-10-03T11:23:00-04:00,1759504980,671.81,671.86,671.78,671.8,55003.0
2025-10-03T11:24:00-04:00,1759505040,671.81,671.93,671.79,671.92,99370.0
2025-10-03T11:25:00-04:00,1759505100,671.92,671.95,671.8384,671.85,94844.0
2025-10-03T11:26:00-04:00,1759505160,671.845,671.89,671.6,671.87,283734.0
2025-10-03T11:27:00-04:00,1759505220,671.87,671.89,671.75,671.785,92010.0
2025-10-03T11:28:00-04:00,1759505280,671.8,671.8,671.65,671.69,62856.0
2025-10-03T11:29:00-04:00,1759505340,671.7,671.79,671.62,671.7713,65654.0
2025-10-03T11:30:00-04:00,1759505400,671.77,671.88,671.72,671.76,61067.0
2025-10-03T11:31:00-04:00,1759505460,671.765,671.81,671.74,671.775,75829.0
2025-10-03T11:32:00-04:00,1759505520,671.775,671.875,671.71,671.81,70210.0
2025-10-03T11:33:00-04:00,1759505580,671.82,671.85,671.67,671.745,93145.0
2025-10-03T11:34:00-04:00,1759505640,671.72,671.78,671.7,671.75,43680.0
2025-10-03T11:35:00-04:00,1759505700,671.75,671.93,671.74,671.92,71849.0
2025-10-03T11:36:00-04:00,1759505760,671.92,672.01,671.9,671.9001,101441.0
2025-10-03T11:37:00-04:00,1759505820,671.91,671.91,671.66,671.705,146710.0
2025-10-03T11:38:00-04:00,1759505880,671.705,671.76,671.63,671.71,114919.0
2025-10-03T11:39:00-04:00,1759505940,671.72,671.75,671.64,671.655,67041.0
2025-10-03T11:40:00-04:00,1759506000,671.66,671.66,671.35,671.49,236667.0
2025-10-03T11:41:00-04:00,1759506060,671.52,671.61,671.43,671.57,131488.0
2025-10-03T11:42:00-04:00,1759506120,671.58,671.64,671.505,671.52,83045.0
2025-10-03T11:43:00-04:00,1759506180,671.53,671.629,671.42,671.629,88492.0
2025-10-03T11:44:00-04:00,1759506240,671.63,671.76,671.63,671.75,79722.0
2025-10-03T11:45:00-04:00,1759506300,671.75,671.7501,671.64,671.73,74173.0
2025-10-03T11:46:00-04:00,1759506360,671.725,671.9,671.6903,671.8999,138111.0
2025-10-03T11:47:00-04:00,1759506420,671.9,671.91,671.77,671.86,66528.0
2025-10-03T11:48:00-04:00,1759506480,671.86,671.94,671.8,671.94,64683.0
2025-10-03T11:49:00-04:00,1759506540,671.94,672.005,671.94,671.98,99468.0
2025-10-03T11:50:00-04:00,1759506600,671.98,672.09,671.975,672.0786,187118.0
2025-10-03T11:51:00-04:00,1759506660,672.08,672.225,672.07,672.225,168132.0
2025-10-03T11:52:00-04:00,1759506720,672.23,672.33,672.18,672.19,129329.0
2025-10-03T11:53:00-04:00,1759506780,672.2,672.27,672.185,672.2415,86717.0
2025-10-03T11:54:00-04:00,1759506840,672.24,672.25,672.19,672.23,104466.0
2025-10-03T11:55:00-04:00,1759506900,672.23,672.28,672.135,672.27,96360.0
2025-10-03T11:56:00-04:00,1759506960,672.27,672.59,672.27,672.48,193808.0
2025-10-03T11:57:00-04:00,1759507020,672.49,672.58,672.49,672.55,131786.0
2025-10-03T11:58:00-04:00,1759507080,672.56,672.615,672.42,672.47,247546.0
2025-10-03T11:59:00-04:00,1759507140,672.4601,672.54,672.3907,672.5,349234.0
2025-10-03T12:00:00-04:00,1759507200,672.5,672.565,672.435,672.435,113233.0
2025-10-03T12:01:00-04:00,1759507260,672.44,672.495,672.39,672.46,102935.0
2025-10-03T12:02:00-04:00,1759507320,672.46,672.508,672.39,672.5,62466.0
2025-10-03T12:03:00-04:00,1759507380,672.5,672.59,672.45,672.54,108771.0
2025-10-03T12:04:00-04:00,1759507440,672.54,672.585,672.49,672.58,83598.0
2025-10-03T12:05:00-04:00,1759507500,672.59,672.605,672.46,672.5501,114202.0
2025-10-03T12:06:00-04:00,1759507560,672.56,672.62,672.52,672.59,90860.0
2025-10-03T12:07:00-04:00,1759507620,672.595,672.675,672.55,672.58,98984.0
2025-10-03T12:08:00-04:00,1759507680,672.58,672.58,672.44,672.52,75410.0
2025-10-03T12:09:00-04:00,1759507740,672.5201,672.535,672.42,672.445,43802.0
2025-10-03T12:10:00-04:00,1759507800,672.45,672.47,672.3399,672.38,88390.0
2025-10-03T12:11:00-04:00,1759507860,672.4,672.435,672.3,672.36,66309.0
2025-10-03T12:12:00-04:00,1759507920,672.38,672.42,672.35,672.42,35814.0
2025-10-03T12:13:00-04:00,1759507980,672.42,672.52,672.4,672.49,65070.0
2025-10-03T12:14:00-04:00,1759508040,672.49,672.53,672.45,672.525,36476.0
2025-10-03T12:15:00-04:00,1759508100,672.53,672.58,672.51,672.56,96474.0
2025-10-03T12:16:00-04:00,1759508160,672.58,672.65,672.58,672.64,47336.0
2025-10-03T12:17:00-04:00,1759508220,672.63,672.67,672.5,672.51,68970.0
2025-10-03T12:18:00-04:00,1759508280,672.51,672.565,672.455,672.545,54609.0
2025-10-03T12:19:00-04:00,1759508340,672.54,672.63,672.5338,672.62,47952.0
2025-10-03T12:20:00-04:00,1759508400,672.615,672.64,672.53,672.555,84248.0
2025-10-03T12:21:00-04:00,1759508460,672.5594,672.57,672.495,672.55,50083.0
2025-10-03T12:22:00-04:00,1759508520,672.55,672.55,672.43,672.43,43917.0
2025-10-03T12:23:00-04:00,1759508580,672.4251,672.46,672.375,672.4,68104.0
2025-10-03T12:24:00-04:00,1759508640,672.4,672.4,672.34,672.39,57602.0
2025-10-03T12:25:00-04:00,1759508700,672.4,672.44,672.345,672.36,98509.0
2025-10-03T12:26:00-04:00,1759508760,672.36,672.39,672.22,672.22,72654.0
2025-10-03T12:27:00-04:00,1759508820,672.225,672.39,672.22,672.35,53757.0
